fecha_venta,tipo_empanada,sucursal,medio_pago,metodo_compra,cliente,unidades,precio_total,calificacion,tiempo_entrega_min
2023-04-08 00:21,Carne Picante,Sucursal Oeste,Tarjeta Crédito,Web,Nuevo,5,11.8,,
2023-03-04 11:09,Caprese,Sucursal Sur,Tarjeta Crédito,Delivery,Habitual,11,19.36,,36.0
2023-05-31 03:45,Cebolla y Queso,Sucursal Norte,Tarjeta Débito,Presencial,Nuevo,2,2.26,5.0,
2023-01-04 04:41,Verdura,Sucursal Oeste,Efectivo,Delivery,Nuevo,7,12.32,2.0,42.0
2023-07-25 18:45,Caprese,Sucursal Oeste,MercadoPago,Delivery,Nuevo,6,12.96,2.0,37.0
2023-10-08 02:16,Caprese,Sucursal Sur,MercadoPago,Web,Nuevo,2,4.02,1.0,
2023-10-31 17:37,Carne,Sucursal Palermo,Efectivo,Delivery,Habitual,12,12.12,4.0,15.0
2023-03-08 06:29,Dulce de Leche,Sucursal Palermo,Tarjeta Crédito,Web,Nuevo,2,3.66,4.0,
2023-01-05 06:32,Carne Picante,Sucursal Palermo,Efectivo,Presencial,Habitual,9,11.16,4.0,
2023-03-13 05:52,Verdura,Sucursal Norte,MercadoPago,Web,Habitual,10,22.2,,
2023-11-28 18:42,Carne Picante,Sucursal Centro,Tarjeta Débito,Web,Habitual,11,18.04,1.0,
2023-04-18 14:05,Humita,Sucursal Norte,MercadoPago,Delivery,Habitual,1,1.11,1.0,40.0
2023-03-04 01:45,Carne,Sucursal Sur,Efectivo,Delivery,Nuevo,5,6.7,3.0,41.0
2023-11-07 06:34,Jamon y Queso,Sucursal Norte,Efectivo,Presencial,Habitual,5,11.55,4.0,
2023-07-05 00:13,Carne,Sucursal Palermo,Tarjeta Débito,Delivery,Nuevo,4,5.88,5.0,47.0
2023-05-01 12:14,Dulce de Leche,Sucursal Norte,Efectivo,Web,Habitual,11,23.43,5.0,
2023-09-28 07:35,Verdura,Sucursal Norte,Efectivo,Web,Nuevo,12,21.36,5.0,
2023-06-22 05:33,Caprese,Sucursal Centro,Tarjeta Débito,Delivery,Nuevo,4,9.2,5.0,23.0
2023-01-11 05:04,Carne,Sucursal Norte,Tarjeta Débito,Delivery,Habitual,6,10.44,4.0,11.0
2023-08-27 12:18,Humita,Sucursal Sur,Tarjeta Débito,Delivery,Nuevo,5,10.35,2.0,59.0
2023-03-24 08:28,Carne Picante,Sucursal Centro,MercadoPago,Presencial,Habitual,3,6.78,5.0,
2023-05-13 18:55,Carne Picante,Sucursal Norte,Tarjeta Crédito,Presencial,Habitual,12,23.28,,
2023-11-26 01:25,Caprese,Sucursal Centro,MercadoPago,Web,Nuevo,12,21.12,5.0,
2023-09-13 10:20,Verdura,Sucursal Oeste,Tarjeta Crédito,Presencial,Habitual,8,9.28,,
2023-06-06 07:46,Dulce de Leche,Sucursal Centro,Tarjeta Débito,Presencial,Habitual,10,16.3,4.0,
2023-07-31 20:51,Dulce de Leche,Sucursal Palermo,Tarjeta Crédito,Presencial,Habitual,8,10.08,4.0,
2023-03-18 23:55,Jamon y Queso,Sucursal Oeste,Tarjeta Débito,Presencial,Habitual,1,2.03,,
2023-03-20 22:47,Jamon y Queso,Sucursal Oeste,Tarjeta Crédito,Presencial,Nuevo,4,7.2,5.0,
2023-04-14 12:32,Pollo,Sucursal Norte,Tarjeta Débito,Delivery,Nuevo,6,8.58,3.0,53.0
2023-04-28 11:04,Pollo,Sucursal Palermo,Efectivo,Web,Habitual,10,10.5,5.0,
2023-06-30 17:51,Carne Picante,Sucursal Norte,MercadoPago,Delivery,Nuevo,10,11.2,4.0,28.0
2023-04-02 23:10,Verdura,Sucursal Sur,MercadoPago,Delivery,Habitual,12,25.68,3.0,41.0
2023-06-24 13:13,Jamon y Queso,Sucursal Palermo,MercadoPago,Web,Nuevo,7,14.98,4.0,
2023-04-19 14:31,Caprese,Sucursal Norte,Tarjeta Crédito,Delivery,Nuevo,6,13.98,5.0,31.0
2023-09-29 01:53,Humita,Sucursal Centro,MercadoPago,Delivery,Nuevo,7,16.52,,44.0
2023-12-24 16:41,Caprese,Sucursal Centro,Tarjeta Débito,Delivery,Nuevo,7,14.07,1.0,30.0
2023-08-30 10:01,Carne Picante,Sucursal Sur,Tarjeta Débito,Presencial,Habitual,11,16.72,5.0,
2023-02-05 16:06,Humita,Sucursal Centro,Efectivo,Web,Nuevo,1,2.4,1.0,
2023-03-18 21:32,Caprese,Sucursal Sur,Tarjeta Crédito,Presencial,Habitual,11,18.92,4.0,
2023-08-14 10:24,Carne Picante,Sucursal Sur,Efectivo,Web,Habitual,12,14.88,5.0,
2023-11-10 11:03,Carne Picante,Sucursal Norte,Tarjeta Crédito,Delivery,Habitual,11,14.3,5.0,24.0
2023-04-20 15:25,Dulce de Leche,Sucursal Palermo,Tarjeta Crédito,Delivery,Habitual,9,12.15,5.0,26.0
2023-07-01 22:58,Jamon y Queso,Sucursal Norte,MercadoPago,Delivery,Habitual,4,4.88,1.0,58.0
2023-04-24 11:40,Caprese,Sucursal Sur,Tarjeta Crédito,Presencial,Nuevo,1,1.17,,
2023-07-19 22:22,Pollo,Sucursal Sur,MercadoPago,Presencial,Nuevo,6,8.46,4.0,
2023-09-28 20:14,Humita,Sucursal Norte,MercadoPago,Web,Nuevo,2,3.04,1.0,
2023-07-08 07:03,Verdura,Sucursal Oeste,Tarjeta Crédito,Web,Nuevo,3,5.31,5.0,
2023-01-31 07:30,Verdura,Sucursal Palermo,Tarjeta Débito,Delivery,Habitual,9,13.23,4.0,47.0
2023-05-23 23:54,Carne Picante,Sucursal Palermo,MercadoPago,Delivery,Habitual,3,4.62,2.0,34.0
2023-07-21 19:23,Caprese,Sucursal Palermo,Tarjeta Débito,Web,Habitual,4,4.48,1.0,
2023-06-27 01:57,Carne,Sucursal Palermo,Tarjeta Crédito,Presencial,Nuevo,1,2.38,,
2023-01-30 14:46,Humita,Sucursal Norte,Tarjeta Débito,Presencial,Habitual,12,12.0,,
2023-08-17 10:01,Dulce de Leche,Sucursal Sur,MercadoPago,Presencial,Nuevo,12,14.28,4.0,
2023-02-26 06:06,Verdura,Sucursal Sur,Tarjeta Débito,Delivery,Habitual,2,3.5,,55.0
2023-06-22 22:53,Cebolla y Queso,Sucursal Norte,Efectivo,Delivery,Habitual,12,14.04,1.0,34.0
2023-05-11 09:32,Dulce de Leche,Sucursal Sur,MercadoPago,Presencial,Habitual,3,3.72,,
2023-12-11 09:30,Humita,Sucursal Sur,Tarjeta Crédito,Web,Nuevo,5,7.2,4.0,
2023-07-27 19:56,Caprese,Sucursal Sur,Efectivo,Delivery,Habitual,1,2.26,5.0,15.0
2023-05-27 09:30,Pollo,Sucursal Oeste,Efectivo,Web,Habitual,7,12.32,,
2023-10-16 12:55,Verdura,Sucursal Palermo,MercadoPago,Presencial,Nuevo,12,23.04,,
2023-02-22 04:32,Pollo,Sucursal Norte,Tarjeta Débito,Presencial,Nuevo,12,27.96,4.0,
2023-01-03 22:22,Humita,Sucursal Oeste,MercadoPago,Delivery,Nuevo,11,21.78,3.0,55.0
2023-10-29 20:05,Humita,Sucursal Oeste,Tarjeta Débito,Delivery,Nuevo,9,21.87,4.0,28.0
2023-10-14 23:36,Cebolla y Queso,Sucursal Centro,MercadoPago,Delivery,Nuevo,11,17.71,5.0,27.0
2023-01-12 07:51,Carne Picante,Sucursal Oeste,MercadoPago,Presencial,Nuevo,8,9.2,4.0,
2023-01-06 03:36,Jamon y Queso,Sucursal Sur,Tarjeta Débito,Web,Nuevo,4,5.0,5.0,
2023-03-06 05:57,Cebolla y Queso,Sucursal Palermo,MercadoPago,Presencial,Nuevo,6,8.34,,
2023-04-29 19:20,Cebolla y Queso,Sucursal Norte,Tarjeta Débito,Presencial,Nuevo,10,14.1,,
2023-01-02 09:31,Carne Picante,Sucursal Norte,Tarjeta Crédito,Web,Habitual,11,11.22,5.0,
2023-07-22 16:39,Carne Picante,Sucursal Centro,Efectivo,Delivery,Nuevo,7,12.88,1.0,12.0
2023-07-26 11:51,Cebolla y Queso,Sucursal Centro,Tarjeta Crédito,Presencial,Nuevo,8,11.76,,
2023-07-19 07:29,Cebolla y Queso,Sucursal Palermo,MercadoPago,Web,Habitual,5,5.85,3.0,
2023-10-27 23:07,Cebolla y Queso,Sucursal Centro,Tarjeta Débito,Web,Nuevo,4,8.92,1.0,
2023-10-09 06:31,Dulce de Leche,Sucursal Oeste,Efectivo,Presencial,Nuevo,4,6.04,5.0,
2023-10-04 23:57,Pollo,Sucursal Palermo,Tarjeta Débito,Presencial,Habitual,5,10.1,,
2023-03-26 18:18,Pollo,Sucursal Sur,Tarjeta Crédito,Delivery,Habitual,12,14.88,3.0,26.0
2023-12-09 07:59,Pollo,Sucursal Norte,Efectivo,Presencial,Habitual,3,6.0,5.0,
2023-07-13 01:00,Humita,Sucursal Centro,Tarjeta Débito,Delivery,Habitual,7,10.92,2.0,36.0
2023-05-02 17:27,Dulce de Leche,Sucursal Norte,Tarjeta Crédito,Web,Nuevo,12,21.36,1.0,
2023-06-03 21:33,Jamon y Queso,Sucursal Sur,Efectivo,Presencial,Nuevo,10,18.3,5.0,
2023-01-01 01:18,Pollo,Sucursal Sur,Tarjeta Crédito,Delivery,Habitual,5,12.2,1.0,43.0
2023-05-26 18:23,Cebolla y Queso,Sucursal Palermo,Tarjeta Crédito,Presencial,Habitual,2,2.16,,
2023-06-12 06:00,Caprese,Sucursal Oeste,Tarjeta Crédito,Web,Nuevo,9,12.87,5.0,
2023-04-11 03:23,Verdura,Sucursal Norte,MercadoPago,Presencial,Habitual,3,6.72,4.0,
2023-09-14 07:20,Verdura,Sucursal Norte,Tarjeta Débito,Presencial,Nuevo,6,14.1,4.0,
2023-05-08 00:31,Cebolla y Queso,Sucursal Oeste,Tarjeta Débito,Web,Habitual,11,25.74,,
2023-09-11 14:10,Jamon y Queso,Sucursal Oeste,MercadoPago,Presencial,Habitual,7,12.53,,
2023-10-17 23:14,Pollo,Sucursal Norte,MercadoPago,Delivery,Nuevo,6,11.94,2.0,56.0
2023-03-06 23:25,Humita,Sucursal Norte,Tarjeta Crédito,Web,Habitual,6,7.14,2.0,
2023-11-18 16:58,Humita,Sucursal Palermo,MercadoPago,Delivery,Nuevo,6,12.24,4.0,39.0
2023-12-10 02:59,Carne Picante,Sucursal Oeste,Tarjeta Débito,Delivery,Nuevo,5,7.25,2.0,29.0
2023-07-18 00:20,Dulce de Leche,Sucursal Norte,Tarjeta Débito,Delivery,Habitual,10,16.8,2.0,39.0
2023-07-13 18:36,Cebolla y Queso,Sucursal Norte,Tarjeta Crédito,Web,Habitual,12,18.48,2.0,
2023-04-01 11:07,Cebolla y Queso,Sucursal Palermo,Tarjeta Débito,Delivery,Habitual,6,9.24,5.0,56.0
2023-04-16 06:55,Cebolla y Queso,Sucursal Sur,Efectivo,Web,Nuevo,5,9.05,4.0,
2023-02-11 09:35,Caprese,Sucursal Centro,Tarjeta Crédito,Web,Nuevo,10,17.6,4.0,
2023-03-13 16:57,Verdura,Sucursal Sur,MercadoPago,Presencial,Habitual,1,1.35,5.0,
2023-10-21 03:50,Jamon y Queso,Sucursal Sur,Tarjeta Débito,Presencial,Habitual,1,1.89,5.0,
2023-03-06 18:39,Carne Picante,Sucursal Sur,Tarjeta Crédito,Web,Habitual,1,1.88,5.0,
2023-02-24 07:47,Cebolla y Queso,Sucursal Norte,Tarjeta Débito,Delivery,Habitual,6,9.48,,28.0
2023-05-26 08:51,Carne Picante,Sucursal Oeste,MercadoPago,Delivery,Nuevo,6,6.9,,53.0
2023-09-05 20:44,Verdura,Sucursal Centro,Tarjeta Crédito,Web,Habitual,12,21.0,4.0,
2023-04-30 20:24,Humita,Sucursal Oeste,Tarjeta Débito,Web,Habitual,9,10.35,5.0,
2023-06-01 08:11,Cebolla y Queso,Sucursal Sur,Tarjeta Crédito,Presencial,Habitual,8,18.0,,
2023-04-29 11:12,Carne,Sucursal Palermo,MercadoPago,Web,Nuevo,1,2.23,4.0,
2023-08-26 02:03,Dulce de Leche,Sucursal Oeste,Efectivo,Presencial,Nuevo,11,25.74,,
2023-12-03 14:20,Pollo,Sucursal Centro,Efectivo,Presencial,Nuevo,4,4.04,,
2023-04-11 16:47,Jamon y Queso,Sucursal Centro,Tarjeta Crédito,Web,Nuevo,7,7.14,3.0,
2023-11-22 06:30,Carne Picante,Sucursal Oeste,MercadoPago,Presencial,Habitual,10,20.6,,
2023-11-18 17:19,Carne,Sucursal Norte,Tarjeta Débito,Delivery,Nuevo,1,1.5,2.0,17.0
2023-10-23 21:55,Caprese,Sucursal Oeste,MercadoPago,Delivery,Habitual,4,6.44,1.0,15.0
2023-04-21 16:36,Caprese,Sucursal Norte,Tarjeta Crédito,Delivery,Habitual,2,2.3,,56.0
2023-06-08 13:40,Carne Picante,Sucursal Oeste,Tarjeta Débito,Web,Habitual,1,1.37,2.0,
2023-04-02 08:46,Humita,Sucursal Sur,Tarjeta Débito,Delivery,Habitual,5,10.15,3.0,27.0
2023-10-06 10:52,Carne,Sucursal Norte,Efectivo,Delivery,Habitual,4,4.64,5.0,50.0
2023-10-28 21:20,Humita,Sucursal Palermo,Efectivo,Web,Nuevo,11,24.31,2.0,
2023-12-03 05:26,Jamon y Queso,Sucursal Sur,Tarjeta Débito,Web,Nuevo,2,3.48,2.0,
2023-05-27 22:47,Humita,Sucursal Palermo,Efectivo,Delivery,Habitual,11,15.29,1.0,13.0
2023-11-23 08:27,Humita,Sucursal Palermo,MercadoPago,Presencial,Nuevo,5,12.35,5.0,
2023-02-16 15:52,Humita,Sucursal Centro,Tarjeta Débito,Presencial,Nuevo,5,6.25,5.0,
2023-12-24 20:10,Carne Picante,Sucursal Oeste,Efectivo,Web,Nuevo,6,6.96,,
2023-11-07 08:04,Dulce de Leche,Sucursal Sur,MercadoPago,Web,Nuevo,5,6.9,,
2023-02-09 10:53,Humita,Sucursal Centro,Efectivo,Web,Habitual,9,17.46,1.0,
2023-12-01 20:37,Carne,Sucursal Norte,Efectivo,Web,Nuevo,4,9.08,4.0,
2023-07-09 23:45,Verdura,Sucursal Norte,Efectivo,Web,Habitual,3,3.6,1.0,
2023-08-31 23:42,Jamon y Queso,Sucursal Centro,Tarjeta Crédito,Web,Habitual,3,4.14,3.0,
2023-08-07 13:36,Pollo,Sucursal Oeste,Tarjeta Débito,Presencial,Nuevo,12,30.0,,
2023-05-23 08:05,Cebolla y Queso,Sucursal Centro,MercadoPago,Web,Nuevo,1,1.18,1.0,
2023-05-27 08:35,Carne Picante,Sucursal Norte,MercadoPago,Delivery,Habitual,12,29.28,,46.0
2023-03-07 20:05,Dulce de Leche,Sucursal Oeste,Tarjeta Débito,Web,Nuevo,7,9.73,3.0,
2023-10-26 02:06,Jamon y Queso,Sucursal Norte,Tarjeta Crédito,Web,Habitual,1,1.43,,
2023-02-24 05:07,Carne Picante,Sucursal Centro,Tarjeta Crédito,Web,Nuevo,8,15.04,3.0,
2023-11-22 07:38,Pollo,Sucursal Palermo,Tarjeta Crédito,Web,Nuevo,2,3.4,5.0,
2023-08-24 00:52,Dulce de Leche,Sucursal Centro,Tarjeta Débito,Delivery,Nuevo,3,4.62,2.0,40.0
2023-11-03 07:29,Caprese,Sucursal Norte,Tarjeta Débito,Delivery,Habitual,9,9.99,1.0,24.0
2023-01-18 08:24,Cebolla y Queso,Sucursal Centro,Tarjeta Crédito,Presencial,Nuevo,2,4.0,5.0,
2023-06-04 21:21,Cebolla y Queso,Sucursal Sur,MercadoPago,Delivery,Nuevo,4,7.04,4.0,60.0
2023-11-01 02:54,Dulce de Leche,Sucursal Palermo,MercadoPago,Delivery,Nuevo,12,12.6,2.0,50.0
2023-10-17 16:54,Cebolla y Queso,Sucursal Palermo,MercadoPago,Web,Habitual,4,6.84,5.0,
2023-12-15 04:44,Humita,Sucursal Oeste,Tarjeta Débito,Web,Nuevo,8,10.88,4.0,
2023-07-31 03:50,Caprese,Sucursal Palermo,MercadoPago,Delivery,Habitual,10,19.0,3.0,12.0
2023-04-19 03:16,Pollo,Sucursal Sur,Tarjeta Débito,Web,Nuevo,1,2.18,1.0,
2023-05-12 03:45,Jamon y Queso,Sucursal Centro,MercadoPago,Web,Habitual,11,14.74,,
2023-12-30 00:16,Cebolla y Queso,Sucursal Norte,MercadoPago,Presencial,Habitual,8,19.6,4.0,
2023-04-19 12:12,Carne Picante,Sucursal Sur,Tarjeta Crédito,Delivery,Nuevo,1,1.78,4.0,11.0
2023-03-05 18:43,Dulce de Leche,Sucursal Sur,MercadoPago,Web,Nuevo,5,5.85,1.0,
2023-04-16 05:07,Carne Picante,Sucursal Centro,Tarjeta Débito,Delivery,Nuevo,8,12.32,3.0,21.0
2023-11-12 02:51,Carne,Sucursal Sur,Tarjeta Crédito,Presencial,Nuevo,5,10.35,4.0,
2023-09-04 23:57,Jamon y Queso,Sucursal Centro,Efectivo,Web,Nuevo,7,14.07,1.0,
2023-07-01 11:33,Caprese,Sucursal Oeste,Tarjeta Débito,Presencial,Habitual,6,8.1,5.0,
2023-03-31 21:07,Cebolla y Queso,Sucursal Oeste,MercadoPago,Presencial,Nuevo,5,6.1,,
2023-01-14 08:59,Carne Picante,Sucursal Oeste,Tarjeta Débito,Presencial,Habitual,4,5.72,,
2023-02-20 14:00,Carne,Sucursal Palermo,MercadoPago,Delivery,Habitual,10,17.4,5.0,29.0
2023-11-26 06:24,Verdura,Sucursal Norte,Tarjeta Crédito,Delivery,Nuevo,4,6.88,5.0,59.0
2023-03-15 12:36,Carne Picante,Sucursal Sur,Tarjeta Débito,Presencial,Nuevo,9,15.21,,
2023-09-30 10:24,Caprese,Sucursal Palermo,MercadoPago,Presencial,Nuevo,2,3.04,5.0,
2023-03-05 07:26,Jamon y Queso,Sucursal Norte,Efectivo,Delivery,Nuevo,12,22.8,2.0,37.0
2023-11-18 00:19,Cebolla y Queso,Sucursal Centro,Tarjeta Crédito,Delivery,Nuevo,1,1.03,1.0,20.0
2023-11-09 13:17,Cebolla y Queso,Sucursal Centro,MercadoPago,Web,Habitual,5,7.5,2.0,
2023-06-27 07:43,Carne Picante,Sucursal Palermo,Efectivo,Web,Nuevo,9,10.35,3.0,
2023-09-15 03:43,Caprese,Sucursal Sur,Tarjeta Débito,Web,Habitual,11,14.41,1.0,
2023-03-21 18:56,Humita,Sucursal Palermo,Efectivo,Presencial,Nuevo,10,15.6,,
2023-08-20 09:46,Humita,Sucursal Oeste,MercadoPago,Delivery,Nuevo,10,20.8,,46.0
2023-12-20 13:54,Dulce de Leche,Sucursal Norte,Tarjeta Débito,Web,Nuevo,7,7.14,,
2023-02-04 11:10,Carne Picante,Sucursal Palermo,MercadoPago,Presencial,Nuevo,7,14.35,4.0,
2023-01-16 06:56,Cebolla y Queso,Sucursal Norte,Tarjeta Débito,Delivery,Habitual,12,21.48,1.0,26.0
2023-07-23 15:23,Carne,Sucursal Oeste,Tarjeta Crédito,Web,Habitual,2,3.5,5.0,
2023-12-12 17:36,Cebolla y Queso,Sucursal Sur,Tarjeta Crédito,Web,Nuevo,12,21.0,1.0,
2023-05-21 09:14,Caprese,Sucursal Sur,Tarjeta Débito,Presencial,Nuevo,1,1.67,4.0,
2023-11-14 16:59,Jamon y Queso,Sucursal Oeste,Tarjeta Débito,Delivery,Nuevo,4,5.24,5.0,23.0
2023-11-22 22:44,Carne Picante,Sucursal Sur,Efectivo,Delivery,Nuevo,3,3.54,5.0,25.0
2023-02-07 16:23,Pollo,Sucursal Sur,Efectivo,Presencial,Habitual,5,11.05,4.0,
2023-05-13 13:46,Caprese,Sucursal Sur,Tarjeta Débito,Web,Nuevo,11,23.21,3.0,
2023-04-14 10:44,Dulce de Leche,Sucursal Centro,MercadoPago,Web,Habitual,4,6.4,,
2023-02-19 05:56,Carne,Sucursal Centro,Tarjeta Débito,Presencial,Nuevo,10,19.9,4.0,
2023-02-04 00:27,Verdura,Sucursal Sur,Tarjeta Débito,Delivery,Habitual,4,7.16,4.0,57.0
2023-10-02 06:54,Verdura,Sucursal Palermo,Tarjeta Débito,Presencial,Nuevo,12,28.32,4.0,
2023-08-21 15:56,Cebolla y Queso,Sucursal Sur,Tarjeta Débito,Delivery,Nuevo,11,15.51,4.0,52.0
2023-09-25 17:24,Carne Picante,Sucursal Norte,Tarjeta Débito,Presencial,Habitual,7,14.77,,
2023-01-02 16:45,Jamon y Queso,Sucursal Sur,MercadoPago,Presencial,Habitual,4,6.8,,
2023-10-15 13:00,Carne,Sucursal Sur,Tarjeta Crédito,Web,Habitual,8,16.4,1.0,
2023-01-18 22:53,Jamon y Queso,Sucursal Norte,Efectivo,Web,Nuevo,10,23.7,1.0,
2023-10-12 20:18,Cebolla y Queso,Sucursal Palermo,Tarjeta Débito,Web,Habitual,11,22.33,4.0,
2023-04-01 12:09,Carne Picante,Sucursal Sur,MercadoPago,Web,Nuevo,4,7.48,1.0,
2023-09-28 04:00,Humita,Sucursal Norte,Tarjeta Crédito,Presencial,Habitual,9,19.53,4.0,
2023-12-24 16:55,Dulce de Leche,Sucursal Norte,Efectivo,Delivery,Habitual,1,1.19,1.0,28.0
2023-05-16 03:09,Dulce de Leche,Sucursal Sur,Tarjeta Débito,Presencial,Habitual,11,18.04,,
2023-09-30 17:33,Jamon y Queso,Sucursal Palermo,Tarjeta Crédito,Presencial,Habitual,11,27.17,4.0,
2023-02-04 16:31,Caprese,Sucursal Sur,Tarjeta Crédito,Presencial,Habitual,3,4.92,,
2023-12-09 13:32,Carne,Sucursal Sur,Efectivo,Delivery,Habitual,9,20.34,5.0,54.0
2023-02-27 08:14,Carne,Sucursal Oeste,Tarjeta Débito,Delivery,Habitual,10,22.2,,37.0
2023-12-12 16:12,Dulce de Leche,Sucursal Sur,Tarjeta Débito,Web,Habitual,11,21.23,1.0,
2023-12-08 00:58,Dulce de Leche,Sucursal Norte,MercadoPago,Presencial,Nuevo,2,3.3,4.0,
2023-06-03 12:03,Carne Picante,Sucursal Palermo,Tarjeta Débito,Presencial,Nuevo,4,4.64,,
2023-04-29 22:36,Carne,Sucursal Sur,Tarjeta Débito,Delivery,Nuevo,6,9.54,1.0,46.0
2023-05-03 09:12,Humita,Sucursal Palermo,Tarjeta Crédito,Presencial,Habitual,8,17.84,,
2023-12-22 10:26,Humita,Sucursal Palermo,Tarjeta Crédito,Presencial,Nuevo,7,11.97,5.0,
2023-04-11 16:09,Humita,Sucursal Palermo,Efectivo,Delivery,Nuevo,1,1.09,,36.0
2023-07-31 11:55,Jamon y Queso,Sucursal Norte,Efectivo,Web,Habitual,1,1.86,3.0,
2023-09-19 10:33,Pollo,Sucursal Sur,Tarjeta Crédito,Presencial,Habitual,12,27.0,,
2023-06-06 11:23,Verdura,Sucursal Oeste,Tarjeta Débito,Presencial,Habitual,3,6.75,4.0,
2023-10-03 23:00,Cebolla y Queso,Sucursal Centro,Efectivo,Delivery,Nuevo,4,9.16,4.0,29.0
2023-01-06 15:14,Carne Picante,Sucursal Norte,Tarjeta Débito,Presencial,Nuevo,4,8.32,5.0,
2023-11-08 17:48,Carne Picante,Sucursal Norte,MercadoPago,Web,Nuevo,12,12.84,2.0,
2023-02-09 08:24,Carne,Sucursal Palermo,Tarjeta Crédito,Delivery,Habitual,5,6.2,4.0,28.0
2023-12-09 12:26,Caprese,Sucursal Norte,Efectivo,Delivery,Nuevo,9,10.89,,51.0
2023-06-16 23:03,Pollo,Sucursal Palermo,Tarjeta Crédito,Delivery,Habitual,9,12.51,1.0,12.0
2023-05-19 01:34,Carne,Sucursal Sur,Tarjeta Crédito,Presencial,Nuevo,11,14.96,4.0,
2023-07-08 06:30,Cebolla y Queso,Sucursal Centro,Efectivo,Presencial,Habitual,9,12.06,5.0,
2023-07-03 07:47,Carne Picante,Sucursal Centro,Tarjeta Crédito,Delivery,Nuevo,9,12.42,1.0,19.0
2023-10-18 09:51,Humita,Sucursal Oeste,MercadoPago,Delivery,Nuevo,5,10.15,1.0,37.0
2023-05-29 17:36,Cebolla y Queso,Sucursal Centro,Efectivo,Web,Habitual,4,7.52,1.0,
2023-04-29 12:46,Carne Picante,Sucursal Palermo,Efectivo,Web,Nuevo,1,1.13,3.0,
2023-06-13 18:03,Jamon y Queso,Sucursal Oeste,Tarjeta Débito,Web,Nuevo,2,3.7,3.0,
2023-08-04 01:08,Carne,Sucursal Centro,Tarjeta Débito,Delivery,Nuevo,11,11.99,2.0,21.0
2023-12-24 10:24,Carne,Sucursal Norte,MercadoPago,Presencial,Nuevo,8,15.6,4.0,
2023-12-13 12:14,Carne,Sucursal Palermo,Tarjeta Crédito,Delivery,Nuevo,10,17.5,1.0,29.0
2023-05-11 13:34,Verdura,Sucursal Oeste,Tarjeta Crédito,Presencial,Nuevo,4,8.68,5.0,
2023-02-12 00:01,Humita,Sucursal Sur,MercadoPago,Delivery,Nuevo,10,18.1,,42.0
2023-01-25 01:21,Dulce de Leche,Sucursal Sur,MercadoPago,Web,Habitual,8,8.08,4.0,
2023-05-21 17:12,Caprese,Sucursal Oeste,Efectivo,Presencial,Habitual,5,11.75,,
2023-05-31 08:34,Carne,Sucursal Sur,Efectivo,Presencial,Nuevo,1,2.36,,
2023-02-07 23:40,Humita,Sucursal Oeste,Efectivo,Delivery,Habitual,7,13.93,,13.0
2023-01-03 10:07,Humita,Sucursal Oeste,MercadoPago,Web,Habitual,1,2.15,4.0,
2023-09-06 15:53,Dulce de Leche,Sucursal Oeste,Tarjeta Crédito,Presencial,Nuevo,1,1.49,,
2023-03-06 14:50,Caprese,Sucursal Palermo,Tarjeta Crédito,Web,Nuevo,5,9.7,1.0,
2023-09-29 01:52,Dulce de Leche,Sucursal Palermo,MercadoPago,Web,Habitual,6,13.92,1.0,
2023-02-19 05:33,Verdura,Sucursal Palermo,Efectivo,Presencial,Nuevo,12,29.76,,
2023-04-27 08:08,Verdura,Sucursal Norte,Tarjeta Débito,Delivery,Nuevo,12,12.72,1.0,13.0
2023-08-17 20:40,Jamon y Queso,Sucursal Norte,Tarjeta Débito,Presencial,Nuevo,12,21.24,,
2023-03-03 17:18,Humita,Sucursal Oeste,Efectivo,Web,Nuevo,6,11.46,5.0,
2023-08-06 07:49,Verdura,Sucursal Sur,MercadoPago,Delivery,Habitual,7,15.89,1.0,56.0
2023-01-16 03:31,Humita,Sucursal Oeste,Tarjeta Débito,Web,Nuevo,6,10.74,3.0,
2023-09-27 04:10,Caprese,Sucursal Norte,Tarjeta Crédito,Delivery,Habitual,1,1.58,1.0,48.0
2023-03-16 22:29,Carne Picante,Sucursal Sur,Tarjeta Débito,Web,Habitual,5,11.1,3.0,
2023-10-05 11:37,Jamon y Queso,Sucursal Palermo,Efectivo,Presencial,Nuevo,10,20.2,5.0,
2023-08-17 04:47,Cebolla y Queso,Sucursal Sur,Efectivo,Web,Nuevo,5,6.0,4.0,
2023-07-20 22:07,Verdura,Sucursal Centro,MercadoPago,Presencial,Nuevo,12,22.68,4.0,
2023-04-27 14:56,Cebolla y Queso,Sucursal Norte,MercadoPago,Presencial,Nuevo,7,9.87,4.0,
2023-02-12 10:22,Carne Picante,Sucursal Oeste,Efectivo,Delivery,Nuevo,12,22.56,2.0,42.0
2023-10-05 02:21,Humita,Sucursal Oeste,Tarjeta Débito,Presencial,Habitual,7,11.76,,
2023-10-14 12:13,Caprese,Sucursal Norte,Tarjeta Débito,Web,Nuevo,3,5.82,2.0,
2023-01-20 17:54,Jamon y Queso,Sucursal Sur,Efectivo,Presencial,Habitual,3,4.14,5.0,
2023-03-24 21:42,Cebolla y Queso,Sucursal Sur,Tarjeta Crédito,Delivery,Habitual,10,13.7,4.0,50.0
2023-03-17 07:12,Cebolla y Queso,Sucursal Norte,Tarjeta Débito,Delivery,Habitual,1,1.24,,22.0
2023-10-16 18:34,Verdura,Sucursal Centro,Tarjeta Débito,Presencial,Nuevo,10,21.8,4.0,
2023-03-25 08:43,Verdura,Sucursal Centro,Efectivo,Delivery,Habitual,1,1.66,4.0,45.0
2023-06-22 13:10,Jamon y Queso,Sucursal Oeste,MercadoPago,Presencial,Habitual,4,10.0,,
2023-04-24 08:10,Humita,Sucursal Norte,Tarjeta Débito,Web,Habitual,5,12.5,3.0,
2023-10-25 00:18,Pollo,Sucursal Centro,Efectivo,Delivery,Nuevo,8,14.32,,48.0
2023-11-15 12:52,Jamon y Queso,Sucursal Oeste,Efectivo,Presencial,Nuevo,6,9.48,4.0,
2023-06-12 20:51,Carne,Sucursal Oeste,Efectivo,Delivery,Habitual,12,29.76,1.0,44.0
2023-05-09 20:40,Cebolla y Queso,Sucursal Sur,Tarjeta Débito,Delivery,Nuevo,11,12.21,5.0,33.0
2023-02-13 23:10,Cebolla y Queso,Sucursal Palermo,MercadoPago,Web,Habitual,8,10.08,,
2023-04-14 10:53,Verdura,Sucursal Palermo,Tarjeta Crédito,Web,Habitual,11,22.66,1.0,
2023-01-02 14:59,Jamon y Queso,Sucursal Norte,Tarjeta Crédito,Web,Nuevo,8,16.64,3.0,
2023-11-06 16:04,Verdura,Sucursal Norte,Efectivo,Presencial,Nuevo,8,11.44,5.0,
2023-09-27 03:53,Carne,Sucursal Palermo,Efectivo,Delivery,Habitual,7,16.8,2.0,55.0
2023-01-19 12:11,Jamon y Queso,Sucursal Centro,Efectivo,Delivery,Habitual,3,4.11,2.0,36.0
2023-10-08 18:28,Jamon y Queso,Sucursal Palermo,Tarjeta Crédito,Delivery,Nuevo,10,15.1,5.0,46.0
2023-05-30 16:15,Cebolla y Queso,Sucursal Centro,Efectivo,Delivery,Nuevo,2,2.7,4.0,26.0
2023-05-25 02:26,Jamon y Queso,Sucursal Norte,Tarjeta Débito,Delivery,Nuevo,2,3.3,2.0,42.0
2023-10-18 16:01,Jamon y Queso,Sucursal Norte,Tarjeta Crédito,Presencial,Nuevo,5,11.7,5.0,
2023-09-05 00:12,Verdura,Sucursal Sur,Tarjeta Crédito,Presencial,Nuevo,9,12.33,5.0,
2023-02-25 14:02,Carne Picante,Sucursal Oeste,Tarjeta Crédito,Delivery,Nuevo,11,15.51,2.0,39.0
2023-04-06 02:19,Dulce de Leche,Sucursal Sur,MercadoPago,Presencial,Nuevo,3,4.11,5.0,
2023-05-03 20:44,Cebolla y Queso,Sucursal Norte,Tarjeta Crédito,Presencial,Nuevo,11,16.06,5.0,
2023-03-30 13:25,Caprese,Sucursal Sur,Tarjeta Crédito,Presencial,Habitual,4,6.84,4.0,
2023-10-29 18:16,Cebolla y Queso,Sucursal Sur,MercadoPago,Delivery,Nuevo,5,10.15,2.0,26.0
2023-02-08 01:09,Carne Picante,Sucursal Norte,Efectivo,Delivery,Nuevo,2,3.8,5.0,32.0
2023-09-03 03:37,Carne,Sucursal Sur,Efectivo,Presencial,Habitual,1,2.36,5.0,
2023-11-28 12:22,Humita,Sucursal Norte,Tarjeta Débito,Web,Habitual,9,18.99,4.0,
2023-10-02 09:04,Dulce de Leche,Sucursal Palermo,Tarjeta Crédito,Presencial,Habitual,12,24.48,,
2023-08-14 21:56,Caprese,Sucursal Norte,Efectivo,Presencial,Habitual,2,3.64,,
2023-08-29 13:32,Humita,Sucursal Palermo,Tarjeta Crédito,Delivery,Nuevo,10,10.7,4.0,45.0
2023-11-18 23:35,Verdura,Sucursal Norte,Tarjeta Débito,Delivery,Nuevo,8,13.92,4.0,36.0
2023-02-26 08:24,Verdura,Sucursal Norte,Tarjeta Crédito,Delivery,Nuevo,3,7.2,3.0,21.0
2023-05-02 09:41,Caprese,Sucursal Norte,Tarjeta Crédito,Web,Habitual,4,5.96,5.0,
2023-07-23 11:53,Verdura,Sucursal Norte,Tarjeta Crédito,Presencial,Habitual,7,8.89,4.0,
2023-03-21 09:29,Pollo,Sucursal Palermo,Efectivo,Web,Habitual,1,1.37,4.0,
2023-01-26 17:29,Verdura,Sucursal Palermo,MercadoPago,Delivery,Nuevo,12,25.56,4.0,20.0
2023-03-30 03:13,Dulce de Leche,Sucursal Sur,Efectivo,Presencial,Habitual,10,10.2,5.0,
2023-01-20 22:08,Dulce de Leche,Sucursal Oeste,Efectivo,Delivery,Habitual,1,1.89,,23.0
2023-07-29 20:19,Cebolla y Queso,Sucursal Oeste,Tarjeta Débito,Delivery,Habitual,9,14.85,3.0,30.0
2023-06-14 06:07,Pollo,Sucursal Palermo,MercadoPago,Web,Habitual,11,27.28,,
2023-03-17 04:29,Caprese,Sucursal Norte,Efectivo,Presencial,Habitual,3,3.03,5.0,
2023-03-06 02:17,Pollo,Sucursal Norte,MercadoPago,Web,Habitual,12,23.4,1.0,
2023-11-04 06:18,Jamon y Queso,Sucursal Centro,Tarjeta Crédito,Presencial,Nuevo,5,8.1,,
2023-12-07 13:30,Cebolla y Queso,Sucursal Sur,Tarjeta Crédito,Web,Nuevo,2,2.06,4.0,
2023-01-27 19:10,Caprese,Sucursal Sur,Efectivo,Presencial,Nuevo,11,17.38,5.0,
2023-07-21 21:46,Cebolla y Queso,Sucursal Palermo,MercadoPago,Delivery,Nuevo,4,4.32,4.0,15.0
2023-12-26 21:49,Humita,Sucursal Oeste,Tarjeta Crédito,Presencial,Nuevo,4,9.64,5.0,
2023-09-03 04:39,Dulce de Leche,Sucursal Oeste,Tarjeta Crédito,Delivery,Nuevo,9,15.12,1.0,48.0
2023-09-17 10:05,Humita,Sucursal Sur,Efectivo,Web,Habitual,1,1.58,2.0,
2023-06-02 11:13,Jamon y Queso,Sucursal Sur,Tarjeta Débito,Presencial,Habitual,5,8.65,5.0,
2023-08-05 02:00,Caprese,Sucursal Sur,MercadoPago,Presencial,Nuevo,10,17.2,5.0,
2023-01-10 04:16,Pollo,Sucursal Palermo,Tarjeta Débito,Web,Nuevo,2,2.04,,
2023-09-21 17:14,Verdura,Sucursal Centro,Efectivo,Web,Habitual,4,6.88,3.0,
2023-01-03 08:39,Jamon y Queso,Sucursal Norte,MercadoPago,Web,Habitual,11,15.18,1.0,
2023-12-15 22:48,Caprese,Sucursal Norte,Tarjeta Crédito,Delivery,Habitual,10,16.8,2.0,24.0
2023-05-10 08:59,Humita,Sucursal Sur,Tarjeta Crédito,Web,Habitual,4,4.2,1.0,
2023-04-16 03:54,Caprese,Sucursal Norte,MercadoPago,Web,Nuevo,4,8.64,1.0,
2023-06-05 05:35,Dulce de Leche,Sucursal Palermo,Efectivo,Delivery,Habitual,12,24.12,2.0,47.0
2023-06-19 21:43,Carne,Sucursal Sur,MercadoPago,Web,Nuevo,1,2.1,4.0,
2023-10-21 14:28,Jamon y Queso,Sucursal Oeste,Efectivo,Delivery,Habitual,7,14.77,5.0,21.0
2023-11-26 13:17,Verdura,Sucursal Sur,MercadoPago,Web,Habitual,6,8.16,,
2023-08-24 07:22,Jamon y Queso,Sucursal Palermo,MercadoPago,Delivery,Habitual,8,16.0,2.0,43.0
2023-03-12 04:51,Humita,Sucursal Oeste,Efectivo,Web,Habitual,3,7.17,1.0,
2023-09-14 20:25,Jamon y Queso,Sucursal Palermo,MercadoPago,Delivery,Nuevo,8,16.0,,58.0
2023-05-22 22:52,Jamon y Queso,Sucursal Sur,MercadoPago,Presencial,Nuevo,6,14.34,4.0,
2023-07-21 11:39,Jamon y Queso,Sucursal Oeste,Tarjeta Débito,Delivery,Habitual,12,28.2,2.0,20.0
2023-10-17 23:07,Cebolla y Queso,Sucursal Norte,MercadoPago,Web,Habitual,8,10.64,4.0,
2023-01-22 19:06,Caprese,Sucursal Palermo,Tarjeta Crédito,Presencial,Habitual,10,19.2,5.0,
2023-12-27 17:39,Verdura,Sucursal Sur,Tarjeta Crédito,Presencial,Nuevo,3,5.76,4.0,
2023-11-23 01:10,Carne Picante,Sucursal Sur,MercadoPago,Delivery,Nuevo,4,5.12,1.0,12.0
2023-09-05 14:25,Carne,Sucursal Norte,Tarjeta Débito,Delivery,Habitual,4,4.48,2.0,16.0
2023-05-26 07:34,Humita,Sucursal Oeste,Tarjeta Crédito,Presencial,Habitual,5,10.95,4.0,
2023-06-12 21:11,Cebolla y Queso,Sucursal Palermo,Tarjeta Débito,Web,Nuevo,6,12.24,5.0,
2023-07-11 22:07,Jamon y Queso,Sucursal Centro,Tarjeta Débito,Delivery,Nuevo,6,11.82,3.0,33.0
2023-06-02 06:21,Humita,Sucursal Norte,Tarjeta Crédito,Delivery,Nuevo,1,1.31,4.0,24.0
2023-02-16 01:40,Verdura,Sucursal Oeste,MercadoPago,Presencial,Habitual,5,9.8,5.0,
2023-02-17 20:47,Carne Picante,Sucursal Sur,MercadoPago,Delivery,Nuevo,9,15.03,1.0,30.0
2023-02-15 10:53,Caprese,Sucursal Norte,Tarjeta Débito,Delivery,Nuevo,5,7.55,1.0,40.0
2023-01-10 11:20,Pollo,Sucursal Centro,MercadoPago,Web,Nuevo,12,16.8,4.0,
2023-05-20 18:55,Carne,Sucursal Centro,Tarjeta Débito,Web,Habitual,10,12.9,1.0,
2023-08-09 15:36,Jamon y Queso,Sucursal Palermo,Tarjeta Débito,Delivery,Habitual,7,13.09,5.0,58.0
2023-11-07 18:57,Jamon y Queso,Sucursal Sur,Efectivo,Delivery,Nuevo,12,29.16,2.0,55.0
2023-12-13 04:06,Caprese,Sucursal Norte,Efectivo,Presencial,Habitual,12,21.96,4.0,
2023-01-10 16:22,Verdura,Sucursal Palermo,Efectivo,Presencial,Habitual,9,13.5,4.0,
2023-12-02 05:45,Cebolla y Queso,Sucursal Centro,Tarjeta Débito,Delivery,Habitual,3,6.66,2.0,24.0
2023-03-17 20:27,Carne,Sucursal Oeste,MercadoPago,Presencial,Habitual,11,15.84,,
2023-03-28 00:30,Jamon y Queso,Sucursal Palermo,Tarjeta Crédito,Web,Nuevo,5,5.55,3.0,
2023-12-01 03:32,Pollo,Sucursal Oeste,MercadoPago,Web,Nuevo,9,18.36,4.0,
2023-07-23 09:12,Dulce de Leche,Sucursal Oeste,Efectivo,Web,Nuevo,12,24.0,2.0,
2023-01-07 08:32,Verdura,Sucursal Centro,Tarjeta Crédito,Delivery,Habitual,5,9.35,4.0,25.0
2023-12-13 03:05,Cebolla y Queso,Sucursal Centro,Tarjeta Débito,Web,Habitual,9,12.42,4.0,
2023-09-07 07:01,Pollo,Sucursal Sur,MercadoPago,Delivery,Habitual,8,10.24,2.0,31.0
2023-07-26 17:12,Humita,Sucursal Centro,Tarjeta Crédito,Delivery,Nuevo,11,21.56,4.0,33.0
2023-06-29 21:52,Verdura,Sucursal Palermo,Tarjeta Débito,Presencial,Habitual,9,19.62,,
2023-07-24 01:20,Humita,Sucursal Centro,Tarjeta Débito,Delivery,Habitual,12,19.92,4.0,39.0
2023-11-08 13:51,Cebolla y Queso,Sucursal Norte,Tarjeta Débito,Delivery,Nuevo,11,23.21,3.0,27.0
2023-12-11 20:49,Dulce de Leche,Sucursal Oeste,MercadoPago,Delivery,Habitual,12,15.96,5.0,46.0
2023-12-16 16:51,Cebolla y Queso,Sucursal Sur,MercadoPago,Web,Nuevo,3,5.19,1.0,
2023-08-10 23:06,Pollo,Sucursal Palermo,Tarjeta Débito,Delivery,Habitual,6,12.06,3.0,18.0
2023-01-18 01:30,Pollo,Sucursal Centro,Tarjeta Débito,Presencial,Habitual,7,15.96,4.0,
2023-04-02 17:20,Dulce de Leche,Sucursal Centro,Tarjeta Débito,Web,Nuevo,6,9.06,1.0,
2023-01-06 06:42,Caprese,Sucursal Norte,Tarjeta Débito,Delivery,Habitual,11,15.51,,51.0
2023-05-17 16:30,Caprese,Sucursal Oeste,Efectivo,Web,Nuevo,12,25.2,4.0,
2023-03-08 04:26,Humita,Sucursal Sur,Efectivo,Presencial,Habitual,11,15.51,4.0,
2023-02-18 03:03,Dulce de Leche,Sucursal Norte,Tarjeta Crédito,Delivery,Nuevo,11,21.01,3.0,37.0
2023-11-09 18:09,Jamon y Queso,Sucursal Oeste,Efectivo,Presencial,Nuevo,2,2.04,5.0,
2023-03-04 18:48,Humita,Sucursal Centro,Tarjeta Débito,Delivery,Habitual,8,19.52,4.0,20.0
2023-03-21 05:18,Carne Picante,Sucursal Oeste,MercadoPago,Delivery,Habitual,4,4.0,1.0,57.0
2023-10-26 22:20,Pollo,Sucursal Palermo,Tarjeta Débito,Web,Nuevo,12,23.4,3.0,
2023-12-15 14:13,Carne,Sucursal Sur,Efectivo,Delivery,Nuevo,8,19.44,2.0,34.0
2023-01-14 03:29,Caprese,Sucursal Norte,Tarjeta Crédito,Presencial,Habitual,3,5.04,,
2023-07-15 15:28,Jamon y Queso,Sucursal Oeste,Efectivo,Presencial,Nuevo,10,12.2,,
2023-08-02 05:44,Verdura,Sucursal Sur,Tarjeta Débito,Presencial,Habitual,1,2.16,4.0,
2023-07-12 14:16,Caprese,Sucursal Palermo,Efectivo,Presencial,Habitual,3,4.95,5.0,
2023-09-01 23:20,Dulce de Leche,Sucursal Sur,Efectivo,Delivery,Habitual,4,8.24,2.0,12.0
2023-04-18 13:09,Carne Picante,Sucursal Norte,MercadoPago,Presencial,Habitual,8,12.4,5.0,
2023-03-06 12:52,Carne,Sucursal Sur,MercadoPago,Web,Habitual,4,7.84,1.0,
2023-04-12 01:04,Dulce de Leche,Sucursal Oeste,MercadoPago,Delivery,Nuevo,8,16.72,3.0,36.0
2023-02-14 17:14,Carne Picante,Sucursal Oeste,Tarjeta Débito,Presencial,Nuevo,3,6.18,4.0,
2023-03-23 01:45,Pollo,Sucursal Oeste,Tarjeta Débito,Web,Nuevo,12,14.28,1.0,
2023-04-14 22:14,Carne Picante,Sucursal Norte,Tarjeta Débito,Presencial,Habitual,4,5.64,,
2023-01-07 02:29,Cebolla y Queso,Sucursal Norte,MercadoPago,Delivery,Nuevo,8,10.48,1.0,43.0
2023-03-16 07:43,Verdura,Sucursal Palermo,Tarjeta Crédito,Web,Nuevo,4,8.16,1.0,
2023-04-07 14:40,Caprese,Sucursal Centro,MercadoPago,Web,Habitual,3,5.37,4.0,
2023-11-22 04:13,Pollo,Sucursal Palermo,MercadoPago,Web,Habitual,10,23.7,1.0,
2023-08-04 10:37,Caprese,Sucursal Norte,MercadoPago,Web,Habitual,4,9.28,2.0,
2023-08-23 10:42,Cebolla y Queso,Sucursal Palermo,Tarjeta Débito,Delivery,Nuevo,8,9.28,2.0,47.0
2023-11-19 08:06,Carne,Sucursal Sur,Tarjeta Crédito,Web,Nuevo,11,25.52,,
2023-06-06 07:58,Cebolla y Queso,Sucursal Oeste,Efectivo,Delivery,Nuevo,6,9.42,2.0,10.0
2023-06-16 09:04,Dulce de Leche,Sucursal Sur,Tarjeta Débito,Presencial,Habitual,4,6.2,,
2023-04-20 03:49,Humita,Sucursal Norte,Tarjeta Débito,Presencial,Nuevo,6,11.94,,
2023-07-22 05:10,Pollo,Sucursal Centro,Tarjeta Débito,Web,Nuevo,8,18.4,4.0,
2023-08-17 23:56,Caprese,Sucursal Norte,Tarjeta Débito,Web,Habitual,4,9.96,4.0,
2023-03-15 16:51,Jamon y Queso,Sucursal Centro,Efectivo,Delivery,Habitual,7,12.18,1.0,56.0
2023-06-24 06:14,Carne Picante,Sucursal Centro,Tarjeta Crédito,Delivery,Habitual,2,3.94,5.0,53.0
2023-05-09 23:45,Jamon y Queso,Sucursal Norte,Tarjeta Crédito,Delivery,Habitual,11,27.39,4.0,15.0
2023-10-02 12:33,Verdura,Sucursal Oeste,Tarjeta Débito,Presencial,Habitual,5,8.3,5.0,
2023-08-08 02:50,Cebolla y Queso,Sucursal Oeste,Tarjeta Crédito,Presencial,Habitual,1,1.34,4.0,
2023-04-27 17:29,Pollo,Sucursal Oeste,Efectivo,Presencial,Nuevo,12,17.88,5.0,
2023-07-18 21:16,Jamon y Queso,Sucursal Norte,Tarjeta Crédito,Web,Habitual,1,1.42,2.0,
2023-06-05 13:16,Cebolla y Queso,Sucursal Oeste,Efectivo,Delivery,Nuevo,5,5.85,2.0,47.0
2023-06-18 12:44,Caprese,Sucursal Sur,Efectivo,Presencial,Habitual,9,12.78,4.0,
2023-07-14 05:03,Verdura,Sucursal Centro,MercadoPago,Presencial,Nuevo,6,7.44,,
2023-11-04 08:34,Carne,Sucursal Oeste,Tarjeta Crédito,Presencial,Habitual,11,18.59,4.0,
2023-03-05 22:35,Carne Picante,Sucursal Centro,Tarjeta Débito,Delivery,Habitual,8,19.92,2.0,25.0
2023-10-26 19:48,Humita,Sucursal Palermo,Efectivo,Presencial,Habitual,1,1.44,5.0,
2023-05-10 10:00,Carne Picante,Sucursal Norte,Tarjeta Débito,Delivery,Habitual,6,11.22,1.0,59.0
2023-11-15 07:05,Dulce de Leche,Sucursal Oeste,Efectivo,Presencial,Nuevo,1,1.11,,
2023-02-28 08:02,Humita,Sucursal Oeste,Efectivo,Web,Nuevo,5,8.55,4.0,
2023-09-13 06:34,Cebolla y Queso,Sucursal Sur,Tarjeta Crédito,Presencial,Habitual,4,9.08,4.0,
2023-05-06 19:47,Carne Picante,Sucursal Centro,Tarjeta Débito,Delivery,Nuevo,8,11.92,3.0,49.0
2023-12-18 18:23,Pollo,Sucursal Norte,Tarjeta Débito,Presencial,Habitual,1,2.28,4.0,
2023-09-11 06:18,Caprese,Sucursal Oeste,Tarjeta Débito,Presencial,Habitual,7,10.43,5.0,
2023-06-06 15:18,Carne,Sucursal Palermo,Tarjeta Débito,Presencial,Habitual,11,25.63,,
2023-08-19 06:15,Verdura,Sucursal Sur,Tarjeta Crédito,Presencial,Nuevo,6,8.16,5.0,
2023-09-12 15:00,Carne,Sucursal Sur,MercadoPago,Web,Habitual,8,12.08,4.0,
2023-05-30 07:07,Humita,Sucursal Sur,Efectivo,Presencial,Nuevo,8,16.88,,
2023-05-06 01:12,Verdura,Sucursal Sur,Tarjeta Débito,Delivery,Habitual,9,10.26,2.0,31.0
2023-02-27 11:12,Carne Picante,Sucursal Palermo,MercadoPago,Web,Nuevo,1,1.55,4.0,
2023-12-10 02:07,Carne Picante,Sucursal Oeste,Tarjeta Crédito,Delivery,Habitual,5,7.75,4.0,31.0
2023-01-24 15:45,Carne Picante,Sucursal Centro,Tarjeta Crédito,Delivery,Nuevo,8,12.72,3.0,10.0
2023-04-06 13:54,Verdura,Sucursal Sur,MercadoPago,Web,Nuevo,5,6.3,,
2023-01-15 22:16,Carne Picante,Sucursal Centro,Tarjeta Crédito,Presencial,Habitual,5,10.05,4.0,
2023-04-27 17:24,Pollo,Sucursal Palermo,Tarjeta Crédito,Web,Nuevo,12,22.8,2.0,
2023-01-23 15:32,Humita,Sucursal Centro,Efectivo,Presencial,Nuevo,12,21.36,,
2023-08-06 00:37,Carne Picante,Sucursal Oeste,Tarjeta Débito,Web,Habitual,8,8.24,,
2023-07-14 06:46,Verdura,Sucursal Sur,Tarjeta Débito,Web,Nuevo,1,2.02,4.0,
2023-10-11 07:26,Carne Picante,Sucursal Palermo,MercadoPago,Presencial,Nuevo,2,4.24,4.0,
2023-08-01 09:52,Caprese,Sucursal Norte,MercadoPago,Delivery,Nuevo,4,5.4,5.0,53.0
2023-10-06 21:53,Caprese,Sucursal Oeste,Tarjeta Crédito,Presencial,Habitual,4,4.6,,
2023-09-21 17:34,Pollo,Sucursal Centro,Efectivo,Presencial,Habitual,4,7.8,,
2023-07-14 09:36,Dulce de Leche,Sucursal Sur,Efectivo,Web,Nuevo,3,6.15,5.0,
2023-04-12 17:45,Caprese,Sucursal Palermo,Tarjeta Crédito,Presencial,Habitual,3,4.02,5.0,
2023-10-10 11:34,Humita,Sucursal Sur,Tarjeta Débito,Presencial,Nuevo,9,20.79,,
2023-12-28 19:06,Pollo,Sucursal Norte,MercadoPago,Presencial,Nuevo,7,9.87,5.0,
2023-07-21 15:19,Verdura,Sucursal Oeste,MercadoPago,Presencial,Habitual,9,20.61,5.0,
2023-08-28 10:17,Jamon y Queso,Sucursal Oeste,MercadoPago,Presencial,Habitual,3,7.2,,
2023-12-25 12:02,Humita,Sucursal Norte,Tarjeta Crédito,Presencial,Habitual,2,2.56,5.0,
2023-03-29 20:20,Cebolla y Queso,Sucursal Norte,Efectivo,Presencial,Nuevo,8,9.76,5.0,
2023-12-14 15:22,Pollo,Sucursal Norte,MercadoPago,Presencial,Nuevo,7,9.38,4.0,
2023-04-19 17:15,Pollo,Sucursal Centro,Tarjeta Débito,Delivery,Nuevo,12,18.6,,25.0
2023-01-05 07:10,Caprese,Sucursal Palermo,Tarjeta Crédito,Presencial,Nuevo,5,12.45,,
2023-09-17 15:59,Carne,Sucursal Palermo,Tarjeta Crédito,Delivery,Habitual,9,17.01,1.0,55.0
2023-01-06 04:02,Jamon y Queso,Sucursal Oeste,Tarjeta Crédito,Presencial,Habitual,11,11.66,,
2023-01-19 01:27,Cebolla y Queso,Sucursal Sur,Tarjeta Débito,Web,Nuevo,7,14.49,3.0,
2023-07-20 00:35,Verdura,Sucursal Centro,Tarjeta Crédito,Web,Nuevo,6,11.28,4.0,
2023-09-08 08:42,Jamon y Queso,Sucursal Norte,MercadoPago,Presencial,Nuevo,9,19.71,4.0,
2023-12-15 00:06,Cebolla y Queso,Sucursal Sur,Tarjeta Crédito,Web,Nuevo,1,1.43,,
2023-01-01 05:03,Pollo,Sucursal Palermo,Efectivo,Delivery,Habitual,7,12.18,2.0,33.0
2023-05-30 02:04,Caprese,Sucursal Palermo,Efectivo,Web,Nuevo,3,4.32,5.0,
2023-01-15 12:43,Carne,Sucursal Oeste,MercadoPago,Web,Nuevo,1,2.11,5.0,
2023-09-11 16:49,Humita,Sucursal Centro,MercadoPago,Presencial,Habitual,10,17.0,,
2023-03-27 02:55,Humita,Sucursal Norte,Tarjeta Crédito,Delivery,Habitual,8,9.2,,55.0
2023-02-24 05:11,Dulce de Leche,Sucursal Sur,MercadoPago,Web,Nuevo,12,25.2,4.0,
2023-02-10 19:33,Pollo,Sucursal Norte,Efectivo,Presencial,Nuevo,3,5.85,,
2023-01-17 04:07,Carne Picante,Sucursal Palermo,Tarjeta Débito,Delivery,Habitual,12,25.56,,59.0
2023-07-06 18:46,Caprese,Sucursal Palermo,Tarjeta Débito,Web,Habitual,9,15.12,1.0,
2023-01-26 01:49,Pollo,Sucursal Centro,MercadoPago,Delivery,Habitual,9,11.61,4.0,20.0
2023-12-11 08:59,Humita,Sucursal Centro,Efectivo,Presencial,Habitual,11,18.81,,
2023-09-04 09:30,Verdura,Sucursal Oeste,Tarjeta Crédito,Web,Nuevo,1,1.82,3.0,
2023-05-19 17:13,Caprese,Sucursal Oeste,MercadoPago,Presencial,Nuevo,11,26.18,5.0,
2023-02-24 20:44,Verdura,Sucursal Palermo,Tarjeta Crédito,Delivery,Nuevo,9,9.27,,43.0
2024-01-01 17:09,Jamon y Queso,Sucursal Centro,Tarjeta Crédito,Delivery,Nuevo,5,11.65,4.0,21.0
2023-02-03 18:15,Humita,Sucursal Centro,Tarjeta Débito,Web,Nuevo,8,15.12,1.0,
2023-06-04 11:51,Caprese,Sucursal Centro,Tarjeta Crédito,Web,Nuevo,3,5.67,2.0,
2023-12-31 10:36,Pollo,Sucursal Sur,Efectivo,Delivery,Habitual,11,13.64,5.0,51.0
2023-05-31 22:46,Carne,Sucursal Sur,Tarjeta Crédito,Presencial,Habitual,6,7.38,4.0,
2023-10-15 16:31,Carne,Sucursal Oeste,Tarjeta Débito,Presencial,Habitual,5,5.05,5.0,
2023-12-30 04:58,Dulce de Leche,Sucursal Palermo,Tarjeta Débito,Presencial,Nuevo,11,16.72,5.0,
2023-07-18 02:42,Carne,Sucursal Sur,Tarjeta Crédito,Web,Nuevo,6,13.44,,
2023-07-14 09:03,Verdura,Sucursal Centro,Efectivo,Delivery,Nuevo,9,10.17,1.0,10.0
2023-07-26 12:04,Dulce de Leche,Sucursal Sur,Tarjeta Crédito,Delivery,Habitual,12,13.68,3.0,36.0
2023-07-22 13:58,Humita,Sucursal Oeste,Tarjeta Débito,Presencial,Habitual,10,20.6,,
2023-11-03 03:32,Jamon y Queso,Sucursal Sur,Tarjeta Crédito,Presencial,Nuevo,5,9.35,,
2023-03-01 14:31,Carne Picante,Sucursal Palermo,Efectivo,Presencial,Habitual,10,17.6,5.0,
2023-12-31 14:57,Carne,Sucursal Centro,Efectivo,Presencial,Nuevo,12,24.84,5.0,
2023-10-18 14:23,Pollo,Sucursal Palermo,Tarjeta Crédito,Web,Nuevo,2,2.4,2.0,
2023-03-18 12:20,Cebolla y Queso,Sucursal Centro,Tarjeta Crédito,Presencial,Habitual,3,4.47,5.0,
2023-10-05 23:52,Humita,Sucursal Oeste,Efectivo,Presencial,Nuevo,6,8.7,,
2023-08-01 02:50,Pollo,Sucursal Sur,Tarjeta Crédito,Delivery,Nuevo,8,9.52,4.0,55.0
2023-08-28 01:00,Dulce de Leche,Sucursal Palermo,Tarjeta Débito,Web,Habitual,12,12.36,2.0,
2023-02-26 07:43,Jamon y Queso,Sucursal Centro,Tarjeta Débito,Web,Habitual,6,8.88,2.0,
2023-08-05 08:35,Dulce de Leche,Sucursal Oeste,Tarjeta Débito,Web,Nuevo,3,4.38,2.0,
2023-09-16 13:40,Humita,Sucursal Oeste,MercadoPago,Delivery,Nuevo,4,9.16,2.0,10.0
2023-08-23 07:49,Carne Picante,Sucursal Centro,Efectivo,Web,Nuevo,11,25.19,1.0,
2023-07-14 08:58,Verdura,Sucursal Sur,Tarjeta Crédito,Delivery,Nuevo,2,4.76,,13.0
2023-05-27 23:41,Dulce de Leche,Sucursal Norte,Tarjeta Débito,Delivery,Habitual,10,24.4,4.0,41.0
2023-04-09 13:22,Carne Picante,Sucursal Centro,MercadoPago,Presencial,Habitual,12,13.56,,
2023-04-07 17:52,Caprese,Sucursal Oeste,Tarjeta Crédito,Delivery,Nuevo,3,5.16,4.0,42.0
2023-02-02 07:24,Pollo,Sucursal Palermo,Tarjeta Crédito,Delivery,Nuevo,12,30.0,2.0,10.0
2023-12-09 21:45,Verdura,Sucursal Centro,Efectivo,Presencial,Habitual,10,10.7,5.0,
2023-02-28 04:03,Carne Picante,Sucursal Oeste,MercadoPago,Presencial,Habitual,1,1.33,,
2023-12-06 09:27,Verdura,Sucursal Palermo,MercadoPago,Presencial,Nuevo,1,1.4,,
2023-04-13 22:04,Caprese,Sucursal Centro,Tarjeta Crédito,Delivery,Habitual,2,2.02,,46.0
2023-07-23 06:35,Jamon y Queso,Sucursal Sur,MercadoPago,Web,Nuevo,12,21.48,5.0,
2023-09-29 04:16,Carne Picante,Sucursal Centro,Tarjeta Crédito,Web,Habitual,8,13.04,1.0,
2023-08-11 10:30,Cebolla y Queso,Sucursal Oeste,MercadoPago,Presencial,Habitual,10,20.3,5.0,
2023-11-08 09:50,Humita,Sucursal Centro,Tarjeta Crédito,Delivery,Habitual,3,7.38,5.0,12.0
2023-05-09 11:27,Humita,Sucursal Oeste,Tarjeta Débito,Web,Nuevo,6,7.74,5.0,
2023-09-07 01:02,Dulce de Leche,Sucursal Oeste,Efectivo,Presencial,Nuevo,10,13.0,,
2023-01-23 23:07,Verdura,Sucursal Sur,MercadoPago,Delivery,Habitual,9,21.42,4.0,30.0
2023-04-09 11:48,Verdura,Sucursal Sur,MercadoPago,Web,Habitual,7,13.37,4.0,
2023-05-07 10:24,Pollo,Sucursal Norte,Tarjeta Crédito,Web,Habitual,1,2.29,5.0,
2023-08-28 21:41,Pollo,Sucursal Centro,Efectivo,Web,Habitual,12,26.16,2.0,
2023-11-02 16:09,Pollo,Sucursal Palermo,Tarjeta Débito,Delivery,Habitual,4,4.84,4.0,24.0
2023-07-22 00:56,Cebolla y Queso,Sucursal Centro,Tarjeta Crédito,Web,Habitual,7,17.29,2.0,
2023-10-08 02:19,Cebolla y Queso,Sucursal Palermo,Tarjeta Crédito,Delivery,Habitual,6,13.62,3.0,32.0
2023-01-25 23:50,Humita,Sucursal Norte,Tarjeta Débito,Web,Habitual,8,17.28,,
2023-06-27 03:09,Jamon y Queso,Sucursal Palermo,Tarjeta Débito,Web,Habitual,4,9.84,,
2023-10-24 22:14,Dulce de Leche,Sucursal Norte,MercadoPago,Presencial,Habitual,10,17.6,5.0,
2023-09-06 00:39,Caprese,Sucursal Oeste,Efectivo,Web,Habitual,9,15.75,,
2023-06-21 21:45,Carne Picante,Sucursal Oeste,Tarjeta Débito,Web,Nuevo,8,14.4,2.0,
2023-08-18 07:26,Jamon y Queso,Sucursal Centro,Efectivo,Presencial,Nuevo,10,20.0,4.0,
2023-09-01 02:28,Carne Picante,Sucursal Norte,MercadoPago,Presencial,Habitual,12,20.28,4.0,
2023-04-10 04:17,Humita,Sucursal Sur,Efectivo,Presencial,Habitual,6,10.92,,
